{"ru":{"":"","\u041e\u0448\u0438\u0431\u043a\u0430 \u0432\u0430\u043b\u0438\u0434\u0430\u0446\u0438\u0438 \u0444\u043e\u0440\u043c\u044b":"\u041e\u0448\u0438\u0431\u043a\u0430 \u0432\u0430\u043b\u0438\u0434\u0430\u0446\u0438\u0438 \u0444\u043e\u0440\u043c\u044b","\u041f\u043e\u0434\u0440\u043e\u0431\u043d\u0435\u0435":"\u041f\u043e\u0434\u0440\u043e\u0431\u043d\u0435\u0435","\u041d\u0430\u0437\u0430\u0434 \u043a \u043f\u0435\u0440\u0435\u0447\u043d\u044e \u043f\u0443\u0431\u043b\u0438\u043a\u0430\u0446\u0438\u0439":"\u041d\u0430\u0437\u0430\u0434 \u043a \u043f\u0435\u0440\u0435\u0447\u043d\u044e \u043f\u0443\u0431\u043b\u0438\u043a\u0430\u0446\u0438\u0439","SITE NAME":"E-SHOP online shop","\u0413\u043b\u0430\u0432\u043d\u0430\u044f":"\u0413\u043b\u0430\u0432\u043d\u0430\u044f","\u041d\u043e\u0432\u043e\u0441\u0442\u0438":"\u041d\u043e\u0432\u043e\u0441\u0442\u0438","\u041a\u043e\u043d\u0442\u0430\u043a\u0442\u044b":"\u041a\u043e\u043d\u0442\u0430\u043a\u0442\u044b","\u0421\u0442\u0430\u0442\u044c\u0438":"\u0421\u0442\u0430\u0442\u044c\u0438","Home":"\u0413\u043b\u0430\u0432\u043d\u0430\u044f","News":"\u041d\u043e\u0432\u043e\u0441\u0442\u0438","Articles":"\u0421\u0442\u0430\u0442\u044c\u0438","Contacts":"\u041a\u043e\u043d\u0442\u0430\u043a\u0442\u044b","Admin":"\u0410\u0434\u043c\u0438\u043d\u043a\u0430","YonaCms Admin Panel":"\u0410\u0434\u043c\u0438\u043d\u0438\u0441\u0442\u0440\u0430\u0442\u0438\u0432\u043d\u0430\u044f \u043f\u0430\u043d\u0435\u043b\u044c YonaCms","Back \u043a \u043f\u0435\u0440\u0435\u0447\u043d\u044e \u043f\u0443\u0431\u043b\u0438\u043a\u0430\u0446\u0438\u0439":"\u041d\u0430\u0437\u0430\u0434 \u043a \u043f\u0435\u0440\u0435\u0447\u043d\u044e \u043f\u0443\u0431\u043b\u0438\u043a\u0430\u0446\u0438\u0439","\u0421\u0442\u0440\u0430\u043d\u0438\u0446\u0430 \u2116":"\u0421\u0442\u0440\u0430\u043d\u0438\u0446\u0430 \u2116","\u041f\u043e\u043b\u043d\u0430\u044f \u0432\u0435\u0440\u0441\u0438\u044f":"\u041f\u043e\u043b\u043d\u0430\u044f \u0432\u0435\u0440\u0441\u0438\u044f","\u041c\u043e\u0431\u0438\u043b\u044c\u043d\u0430\u044f \u0432\u0435\u0440\u0441\u0438\u044f":"\u041c\u043e\u0431\u0438\u043b\u044c\u043d\u0430\u044f \u0432\u0435\u0440\u0441\u0438\u044f","Services":"Services","Printing":"Printing","Design":"Design","Latest news":"\u041f\u043e\u0441\u043b\u0435\u0434\u043d\u0438\u0435 \u043d\u043e\u0432\u043e\u0441\u0442\u0438","Entries not found":"\u0417\u0430\u043f\u0438\u0441\u0438 \u043d\u0435 \u043d\u0430\u0439\u0434\u0435\u043d\u044b","Back to publications list":"\u041e\u0431\u0440\u0430\u0442\u043d\u043e \u043a \u043f\u0435\u0440\u0435\u0447\u043d\u044e \u043f\u0443\u0431\u043b\u0438\u043a\u0430\u0446\u0438\u0439","Search    ":"\u041f\u043e\u0438\u0441\u043a","Search results":"\u0420\u0435\u0437\u0443\u043b\u044c\u0442\u0430\u0442\u044b \u043f\u043e\u0438\u0441\u043a\u0430","Pages":"\u0421\u0442\u0440\u0430\u043d\u0438\u0446\u044b","Publications":"\u041f\u0443\u0431\u043b\u0438\u043a\u0430\u0446\u0438\u0438","Portfolio":"Portfolio","Products":"Products","Tours":"","Employee":"Employee","Faq":"\u0412\u043e\u043f\u0440\u043e\u0441\u044b-\u041e\u0442\u0432\u0435\u0442\u044b","Partner":"Partner","Back to products list":"","Back to tours list":"","New products":"","Special offers":"","Department":"","Send":"Send","Email has been send":"Email has been send","Tour name":"","amount":"","Number of People":"","Full name":"","Email":"","Phone":"Phone","set a date":"","special request":"","To book":"","Your request has been sent":"","Your email dont sent":"","Company name":"\u041d\u0430\u0437\u0432\u0430\u043d\u0438\u0435 \u043a\u043e\u043c\u043f\u0430\u043d\u0438\u0438","All rights reserved":"\u0412\u0441\u0435 \u043f\u0440\u0430\u0432\u0430 \u0437\u0430\u0449\u0438\u0449\u0435\u043d\u044b","Developed by":"\u0420\u0430\u0437\u0440\u0430\u0431\u043e\u0442\u0430\u043d\u043e","name":"name","Attach file":"Attach file","company":"company","massage":"massage","Registration":"Registration","Back to home":"Back to home","Register":"Register","Enter":"Enter","Quick view":"Quick view","Add to Cart":"Add to Cart","Availability":"Availability","Brand":"Brand","QTY":"QTY","Picked For You":"Picked For You","Categories":"Categories","Latest Products":"Latest Products","My Account":"My Account"},"en":{"":"","SITE NAME":"Eskiz IT Company","\u041e\u0448\u0438\u0431\u043a\u0430 \u0432\u0430\u043b\u0438\u0434\u0430\u0446\u0438\u0438 \u0444\u043e\u0440\u043c\u044b":"Error validataion form","\u0421\u0442\u0440\u0430\u043d\u0438\u0446\u0430 \u2116":"Page \u2116","\u041f\u043e\u0434\u0440\u043e\u0431\u043d\u0435\u0435":"Read more","Entries not found":"Entries not found","Back to publications list":"Back to publications list","Latest news":"Latest news","Search":"Search","Search results":"Search results","Home":"","Portfolio":"","Products":"","Tours":"","Employee":"","Faq":"\u0412\u043e\u043f\u0440\u043e\u0441\u044b-\u041e\u0442\u0432\u0435\u0442\u044b","Partner":"","Back to products list":"","Pages":"","Publications":"","Back to tours list":"","New products":"","Special offers":"","Department":"","Send":"","Email has been send":"","Tour name":"","amount":"","Number of People":"","Full name":"","Email":"","Phone":"","set a date":"","special request":"","To book":"","Your request has been sent":"","Your email dont sent":""},"uz":{"":"","SITE NAME":"Eskiz IT Company","\u041e\u0448\u0438\u0431\u043a\u0430 \u0432\u0430\u043b\u0438\u0434\u0430\u0446\u0438\u0438 \u0444\u043e\u0440\u043c\u044b":"","Home":"Bosh sahifa","Portfolio":"Portfolio","Products":"Mahsulotlar","Tours":"Sayohat","Employee":"Xodim","\u0421\u0442\u0440\u0430\u043d\u0438\u0446\u0430 \u2116":"","Entries not found":"Hech narsa topilmadi","Back to products list":"","\u041f\u043e\u0434\u0440\u043e\u0431\u043d\u0435\u0435":"Batafsil","Back to publications list":"","Latest news":"Oxirgi yangiliklar","Search results":"","Pages":"Sahifa","Publications":"","Back to tours list":"","Department":"","Send":"Yuborish","Email has been send":"","Tour name":"","amount":"","Number of People":"","Full name":"Ism familya","Email":"Email","Phone":"Telefon","set a date":"","special request":"","To book":"","Your request has been sent":"","Your email dont sent":"","Faq":"Savol-Javoblar","Partner":"Hamkor","New products":"","Special offers":"","Company name":"Kompaniya nomi","All rights reserved":"Barcha huquqlar himoya qilingan","Developed by":"Sayt yaratuvchi","name":"","Attach file":"","company":"","massage":""}}